"st","CYQ","year","quarter","Benefit","Benefit_12_Month","High_Benefit","Low_Benefit","Benefit_rank","High_Benefit_Date","Low_Benefit_Date","Initial_Claim","Initial_Claim_12_Month","High_Initial_Claim","Low_Initial_Claim","Initial_Claim_rank","High_Initial_Claim_Date","Low_Initial_Claim_Date","First_Payment","First_Payment_12_Month","High_First_Payment","Low_First_Payment","First_Payment_rank","High_First_Payment_Date","Low_First_Payment_Date","Weeks_Claimed","Weeks_Claimed_12_Month","High_Weeks_Claimed","Low_Weeks_Claimed","Weeks_Claimed_rank","High_Weeks_Claimed_Date","Low_Weeks_Claimed_Date","Weeks_Compensated","Weeks_Compensated_12_Month","High_Weeks_Compensated","Low_Weeks_Compensated","Weeks_Compensated_rank","High_Weeks_Compensated_Date","Low_Weeks_Compensated_Date","Exhaustions","Exhaustions_12_Month","High_Exhaustions","Low_Exhaustions","Exhaustions_rank","High_Exhaustions_Date","Low_Exhaustions_Date","Exhaustion_Rate","High_Exhaustion_Rate","Low_Exhaustion_Rate","Exhaustion_Rate_rank","High_Exhaustion_Rate_Date","Low_Exhaustion_Rate_Date","Average_Duration","High_Average_Duration","Low_Average_Duration","Average_Duration_rank","High_Average_Duration_Date","Low_Average_Duration_Date","AWBA","AWBA_12_Month","High_AWBA","Low_AWBA","AWBA_rank","High_AWBA_Date","Low_AWBA_Date","Replacement_Rate","Extended_Benefit","Extended_Benefit_12Mon","Hi_Extended_Benefit","Extended_Benefit_Rank","Hi_EB_Date","EB_First_Payment","EB_First_Payment_12Mon","Hi_EB_First_Payment","EB_First_Payment_Rank","Hi_EB_First_date","EB_Weeks_Claimed","EB_Weeks_Claimed_12Mon","Hi_EB_Weeks_Claimed","EB_Weeks_Claimed_Rank","Hi_EB_Weeks_Claimed_Date","EB_Exh","EB_Exh_12Mon","Hi_EB_Exh","EB_Exh_Rank","Hi_EB_Exh_Date","Avg_Ben_Fir_Pay_12Month","Avg_Ben_Fir_Pay_12Month_rank","Replacement_Rate_Rank","State_Revenue","State_Revenue_Rank","State_Benefit","State_Benefit_Rank","Total_Wages","Total_Wages_Rank","Taxable_Wages","Taxable_Wages_Rank","AWW","AWW_Rank","Rate_On_Taxable_Wages","Rate_On_Taxable_Wages_Rank","Rate_On_Total_Wages","Rate_On_Total_Wages_Rank","TWB","TWB_Rank","TFBalance","TFBalance_Rank","TFPCTW","TFPCTW_Rank","HCM","HCM_Rank","Month_Benefit","Month_Benefit_Rank","Loans","Loans_Rank","Non_interest_Loans","nilork","interest_Loans","intlor","LPCE","LPCE_Rank","CYQ_Taxable_Wages","CYQ_Total_Wages","IUR","IUR_Rank","TUR","TUR_Rank","Total_Unemployment","Total_Unemployment_Rank","Regular_Program","Regular_Program_Rank","Rec_Rate_Regular","Rec_Rate_Regular_Rank","All_Program","All_Program_Rank","Rec_Rate_All","Rec_Rate_All_Rank","Covered_Employment","Covered_Employment_Rank","Civlian_Labor_Force","Civlian_Labor_Force_Rank","st_name","lag2first_payment","staxemp2","AHCM","AHCM_Rank","staxemp","staxemp_Rank","Est_Total_Wage","IUR_12Mon","TUR_12Mon","All_Program_12Mon","Regular_Program_12Mon","Total_Unemployment_12Mon","Covered_Employment_12Mon","Civlian_Labor_Force_12Mon","Rec_Rate_All_12Mon","Rec_Rate_Regular_12Mon","Sub_Employer","Sub_Employer_12Mon","Sub_Employer_Rank","Interest","LPCTW","LPCTW_Rank","Interest_Rank","Bond_Amount","Bond_Date"
"AK","2018.1",2018,1,34084.956,106970.834,60313.325,1662.845,42,2010.1,1971.3,16145,67212,37039,6630,38,1976.4,1971.3,6728,22737,19617,2132,43,1977.1,1971.3,147510,489085,337750,33114,37,1978.1,1971.3,130686,407730,321508,36386,37,1977.1,1971.3,3278,11029,9445,937,35,1986.2,1971.3,0.448807682916904,0.764756737419509,0.201999629698204,6,2010.4,1976.3,17.932444913577,23.98,14.12,6,2010.2,2002.2,267.540301938471,270.275340162055,283.6,46.1,43,2016.3,1971.3,26.8990034007272,3125.618,4732.868,11904.48,1,2010.2,0,0,7044,28,1994.1,13422,20704,52819,1,2009.4,830,831,3350,1,1994.2,4704.70308308044,28,44,122939.46862,44,106971.881692308,42,16079584.163,50,7733958.576,42,1004.77826682139,17,1.76353049553753,27,1.12191728342596,7,39800,3,436230.707,35,3.64555701557612,3,"0.86","10",48.9364090028502,21,0,27.5,0,1,1,1,0,27.5,1840430.729,4186340.115,3.84498088066249,2,8.0698389652634,2,28.9766666666667,41,11.5675384615385,38,39.9201833482289,15,12.6152307692308,35,43.5358245803431,13,322.452,50,359.073666666667,50,"Alaska",3494,12156931.711,"1.65","9",3312644.072,49,11966092.0165601,3.06420886120475,7.22955444117208,9.96184615384615,9.55825,26.2121666666667,307.75225,362.800416666667,38.0046650875082,36.4649367660056,18.145,18.1525,50,2491.3271,0,27.5,35,0,"N.A."
"AL","2018.1",2018,1,40268.51,158774.191,179607.386,7539.731,38,2009.2,1973.3,36921,145865,195707,25601,25,1982.1,1973.2,14714,53659,87774,11594,29,1982.1,1973.2,230711,916300,972316,184055,28,2009.2,1973.4,182932,723316,873723,163877,29,2009.2,1973.4,4493,17521,26956,3671,27,2009.3,1973.4,0.317432422639322,0.453687804080298,0.173514888900086,31,2010.2,1990.3,13.4798635829963,17.87,9.18,35,2010.1,1995.4,221.943894520564,221.217238583392,222,40.8,50,2017.4,1971.2,25.7667127066336,0,0,28145.869,31,2010.3,0,0,25175,28,1980.3,0,0,254053,30,1983.1,0,0,18667,29.5,1983.1,2958.9480049945,48,46,219240.656,33,158774.191,33,83801513.397,27,14872809.837,33,858.538848560375,38,1.47835998314862,34,0.320988512276282,46,8000,47,550660.5492,31,0.79697069255839,36,"0.37","35",41.6183924401164,24,0,27.5,0,1,1,1,0,27.5,1630302.27,20523162.069,0.952859060402685,38,4.07212343899237,31,88.055,29,17.8915384615385,28,20.3185945846783,39,17.8915384615385,28,20.3185945846783,39,1882.284,24,2162.38533333333,24,"Alabama",14497,68498921.485,"0.87","30",16738151.036,27,69094203.1296409,0.94348474947588,4.01946035633603,17.7855576923077,17.7855576923077,87.04075,1877.105,2165.1965,20.4335988514663,20.4335988514663,89.214,88.68075,29,3109.99551,0,27.5,31,0,"N.A."
"AR","2018.1",2018,1,33198.985,128986.796,169355.036,3532.154,43,2009.2,1972.3,23421,98437,102719,18210,33,1981.4,1972.2,10931,41478,52817,7104,34,1975.1,1973.2,170740,671519,782772,96412,34,2009.2,1973.3,128290,495082,635735,82739,38,2009.2,1973.3,3210,12904,19034,1808,36,2009.3,1973.4,0.302392613596419,0.489023047839137,0.215968038821954,34,2010.1,1986.2,11.9360142726265,18.08,9.57,46,2010.2,1972.2,269.453871608206,269.91022960783,309.6,39.5,41,2015.2,1971.1,33.2089735869061,0,0,11185.223,31,2009.3,0,0,10855,28,1975.2,0,0,90405,30,1975.3,0,0,6478,29.5,1975.3,3109.76411591687,46,31,224370.08184,32,128986.796,39,49767439.992,34,12709045.648,38,812.762938612027,45,1.7789754184696,26,0.563818694823788,29,12000,33,638205.6612,27,1.57601898814142,20,"0.57","23",59.3740458085338,14,0,27.5,0,1,1,1,0,27.5,1580186.171,11823484.551,1.12152528489724,34,4.15896269464844,29,55.7016666666667,34,13.3179230769231,34,23.909379869405,35,13.3179230769231,34,23.909379869405,35,1166.609,34,1339.31633333333,34,"Arkansas",8935,40099911.563,"1.04","22",9576500.291,34,40494795.1770954,1.10039239792461,3.72795222102367,13.05325,13.05325,50.4830833333333,1177.5465,1354.54091666667,25.8566813635591,25.8566813635591,70.388,69.944,33,3577.64384,0,27.5,27,0,"N.A."
"AZ","2018.1",2018,1,48788.076,239661.661,273730.777,4271.36,31,2009.3,1972.2,46859,204456,111442,17701,19,2009.2,1972.3,13863,68597,67247,6115,30,2009.2,1972.2,247196,1252147,1407272,55982,27,2009.3,1972.3,214429,1060094,1267790,82840,27,2009.3,1972.3,5805,28795,42455,1807,22,2009.3,1978.4,0.398083888627755,0.645464060895247,0.219706319421706,13,2009.4,1980.1,15.4539411344519,19.94,10.72,21,2010.2,1980.1,230.266960098131,228.61593366916,230.3,45.5,49,2018.1,1971.2,24.1453755264425,0,0.476,50485.946,31,2010.4,0,0,14723,28,2010.3,0,0,239008,30,2010.4,0,1,11481,29.5,2011.1,3493.76300712859,41,51,497633.46643,22,239661.661,25,131625730.24,20,20432959.235,30,946.831137162452,23,2.28785713622553,17,0.428710845520289,39,7000,51.5,594739.6942,29,0.536087866830964,43,"0.21","41",29.7789654825099,34,0,27.5,0,1,1,1,0,27.5,2202971.556,32307219.639,0.710646875635877,47,4.86293716963782,15,164.241666666667,13,19.347,27,11.7795930793038,50,19.347,27,11.7795930793038,50,2652.33,20,3377.417,15,"Arizona",19923,109042474.872,"0.54","39",26682797.565,20,110940711.588149,0.914196584904065,4.82493015354335,24.3519230769231,24.3519230769231,160.948333333333,2673.406,3335.86266666667,15.1302735310026,15.1302735310026,134.615,133.76925,19,3297.75818,0,27.5,29,0,"N.A."
"CA","2018.1",2018,1,1411653.451,5200303.424,2960485.663,125689.496,1,2009.2,1973.3,574652,2226636,1102180,409677,1,1992.1,1973.2,262587,909866,532050,152420,1,2009.1,1973.2,4900105,18202554,10868329,1563687,1,2009.2,1973.3,4391146,16276706,9743104,2184142,1,2009.2,1973.3,111922,454123,310947,48106,1,2009.3,1973.4,0.478360069648901,0.629990612787222,0.237181300931251,3,2010.1,1979.2,17.889124332594,21.46,12.43,7,2010.1,1979.1,326.822770042663,326.043009506873,326.8,53.9,33,2018.1,1971.3,26.2350007322694,8.46,24.194,634938.169,2,2010.4,1,4,145196,2,1975.2,18,48,2024583,3,2011.1,1,4,95364,4,2010.4,5715.46076455214,17,45,5998082.68868,1,5200303.42538461,1,1079152681.092,1,126567323.517,1,1242.77873225227,5,4.42446704756923,2,0.635512436446969,24,7000,51.5,50111.62315,52,0.00556219532567359,53,"N.A.","N.A.",0.115635459851198,53,0,27.5,0,1,1,1,0,27.5,15000585.101,264211537.477,2.28923043360875,12,4.4652927008643,22,864.255333333333,1,381.502153846154,1,44.1422967417215,12,381.505076923077,1,44.1426349608577,12,16795.361,1,19354.9536666667,1,"California",211338,881167574.518,"N.A.","N.A.",215882069.552,1,900932459.503863,2.11621203927723,4.52400327980864,354.321769230769,354.316192307692,875.193,16698.81825,19345.3461666667,40.4849866521749,40.4843494300905,1391.202,1386.43825,1,157.13241,0,27.5,52,0,"N.A."
"CO","2018.1",2018,1,113958.027,419490.753,291780.723,2260.653,17,2009.2,1972.3,27185,105831,75813,10114,29,2009.1,1972.3,20681,69981,55037,3945,22,2009.1,1972.3,307183,1179692,1001220,52508,23,2010.1,1972.3,273823,1006962,825661,37409,23,2010.1,1972.3,7291,30529,31767,828,18,2009.3,1972.4,0.399327673934939,0.671452415418812,0.207054119663002,12,2009.3,1974.1,14.3890770351953,17.85,8.57,31,2010.2,1973.3,424.024294064346,424.359713268749,429.4,58.6,7,2017.4,1971.3,39.5350890386358,0,0,76036.898,31,2010.3,0,0,12936,28,2009.3,0,0,261471,30,2010.3,0,0,9515,29.5,2009.4,5994.3520812792,12,18,673480.2278,18,419490.753,15,141764879.133,17,32254211.512,16,1073.37487681903,10,1.98669472593245,21,0.537518771986695,31,12500,31,759011.6391,22,0.621852036956626,41,"0.5","26",21.712372928516,37,0,27.5,0,1,1,1,0,27.5,4387239.59,35416130.743,0.942843227432756,39,3.19728626870266,48,97.3623333333333,24,24.2603846153846,23,24.917628599066,33,24.2603846153846,23,24.917628599066,33,2576.283,21,3045.15533333333,21,"Colorado",14956,119213086.574,"0.6","36",29424118.294,15,122056629.872058,0.903309664698357,2.87530119758232,23.2400769230769,23.2400769230769,86.8505,2539.884,3019.18366666667,26.7587140236118,26.7587140236118,174.667,173.87275,15,4348.34684,0,27.5,24,0,"N.A."
"CT","2018.1",2018,1,223934.354,692772.241,361191.379,23568.076,12,2009.1,1973.4,54073,192497,161113,35597,17,1975.1,1988.2,38935,109066,92026,14892,14,1975.1,1987.2,599447,2005596,1148617,211103,13,2009.1,1987.4,588380,1881780,1157832,191037,12,1975.2,1987.4,8675,36020,33301,2849,15,2009.3,1980.1,0.321472239328139,0.488517132937748,0.123354922848311,27,2009.4,1979.2,17.2535895696184,20.82,10.15,10,2010.2,1974.1,402.805916281129,392.192888236175,402.8,61.3,9,2018.1,1971.3,30.8218565667702,0,0,111964.814,31,2010.3,0,0,27691,28,2010.2,0,0,262717,30,2011.1,0,0,16855,29.5,1976.2,6351.86255111584,8,37,764773.76083,13,692772.241,12,109233327.943,23,20701782.387,29,1272.4505656775,4,3.55595995184586,4,0.855584494402568,12,15000,22,307614.0566,44,0.358312965387851,45,"0.15","45",5.32840154488811,49,0,27.5,0,1,1,1,0,27.5,2525919.67,25166755.877,2.83108044573411,5,5.01367277226467,11,94.875,25,46.2346153846154,13,48.7321374277896,8,46.2346153846154,13,48.7321374277896,8,1645.124,28,1892.32533333333,28,"Connecticut",24652,86040256.201,"0.33","43",19770706.117,23,85850663.0556969,2.3404857974143,4.59400311921354,38.7060576923077,38.7060576923077,87.841,1650.8625,1912.03241666667,44.0637716923848,44.0637716923848,103.653,103.2665,25,2153.23521,0,27.5,42,0,"N.A."
"DC","2018.1",2018,1,32741.091,127664.248,58914.565,4732.328,45,2009.3,1971.4,7564,32656,18453,6005,50,1975.2,2000.2,5063,20648,11131,3184,48,1975.3,2000.2,106581,429479,217880,56052,44,2009.3,1973.4,98519,379526,201986,66758,44,1975.3,2000.4,2208,8851,6424,1310,42,2002.3,1971.1,0.427605198318759,0.937137119657746,0.374149413638338,9,2003.2,1979.2,18.3807632700504,23.24,15.61,3,1983.3,1971.1,344.290890257496,347.986482647465,350.9,57.8,23,2017.2,1971.1,21.3639051526078,0,0,13702.065,31,2009.3,0,0,4586,28,1976.1,0,0,51579,30,2009.3,0,0,4061,29.5,1976.2,6182.88686555599,9,53,160489.60807,42,127664.248,40,47591969.165,35,5273030.781,48,1628.85240391075,1,2.53142298127616,15,0.342087284455912,44,9000,42,421751.1083,37,1.06313565352214,27,"0.59","21",39.6431528708022,27,0,27.5,0,1,1,1,0,27.5,550827.201,11606976.039,1.47437695777108,27,5.62171348957621,4,22.7573333333333,44,8.52876923076923,44,37.4770150168557,17,8.52876923076923,44,37.4770150168557,17,564.123,44,404.811333333333,49,"District of Columbia",5560,39020074.427,"1.07","20",9399911.637,35,39670488.6062989,1.48032174022999,5.92191303875166,8.82936538461538,8.82936538461538,23.82275,561.8865,402.29525,37.0627462598373,37.0627462598373,34.448,33.862,43,2395.69709,0,27.5,37,0,"N.A."
"DE","2018.1",2018,1,20468.921,69391.211,56797.168,1884.385,48,2009.1,1972.4,9185,34957,31398,5794,47,1981.4,1973.2,4998,15265,17084,2130,49,1975.1,1987.2,88562,300473,249137,29241,48,1975.1,1987.4,80473,272979,225281,26548,48,1975.1,1987.4,1271,5249,6543,256,47,2009.3,1988.2,0.336022021637539,0.599239025498325,0.10495210923171,24,2010.2,1989.3,17.8826727808713,23.34,9.1,8,2010.1,1973.2,261.406153971112,261.039306326216,265.5,50.5,44,2009.2,1971.4,24.5229217634806,0,0,8254.949,31,2010.4,0,0,4689,28,1975.2,0,0,44046,30,1975.3,0,0,2528,29.5,1975.4,4545.77209302326,31,49,101351.72191,47,69391.211,48,24071614.766,45,6319872.758,46,1064.47065665297,12,1.50929614649688,33,0.505989049056263,33,18500,18,120651.2019,49,0.633239079936191,40,"0.26","38",20.8645216294035,39,0,27.5,0,1,1,1,0,27.5,898927.062,5831326.068,1.59537567672683,23,4.43425776734129,23,21.3006666666667,47,6.84338461538462,48,32.1275607119555,23,6.84338461538462,48,32.1275607119555,23,438.892,47,480.366,46,"Delaware",3513,18851316.284,"0.57","37",4459687.088,45,19053025.2668798,1.33330955202599,4.46967657089265,5.80603846153846,5.80603846153846,21.3985,434.87875,478.7205,27.1329226886859,27.1329226886859,30.053,29.2605,45,695.91253,0,27.5,49,0,"N.A."
"FL","2018.1",2018,1,87112.925,386909.588,826600.439,7872.824,20,2009.3,1973.2,80633,384355,341023,34339,13,2009.1,1972.4,37738,172252,185597,13559,15,2009.1,1973.1,458847,2079872,4041988,185092,14,2009.3,1973.1,354359,1590882,3540158,161460,18,2009.3,1973.1,21617,87033,137398,5076,7,2009.3,1973.2,0.515094842127068,0.739192547727315,0.337785255551254,2,2013.2,1984.3,9.23578245825883,20.68,9.21,51,2012.3,2017.4,249.283043254497,246.283466577938,249.3,38.1,47,2018.1,1971.1,26.9251012504784,0.094,2.802,299196.993,8,2009.3,0,0,110091,28,2009.3,0,0,1358184,30,2009.3,0,0,131795,29.5,1976.1,2246.18342892971,52,43,691995.63407,16,386909.588,18,395361813.093,4,63483716.821,8,914.698386040654,28,1.12634927475366,43,0.216351185941796,53,7000,51.5,3629502.332,3,1.0828965069055,26,"0.56","24",112.569006648654,2,0,27.5,0,1,1,1,0,27.5,6787341.756,94640333.675,0.422867368047723,53,3.90151075475893,35,397.856,4,35.5600769230769,14,8.93792651689981,51,35.5600769230769,14,8.93792651689981,51,8213.23,4,10197.4856666667,3,"Florida",47725,330503565.713,"1.04","22",79116426.296,4,335166131.652941,0.486473321173309,4.01355296982224,40.2961153846154,40.2961153846154,407.1815,8312.15175,10145.07975,9.89635221261658,9.89635221261658,545.34,540.6395,3,20282.58327,0,27.5,3,0,"N.A."
"GA","2018.1",2018,1,85728.398,317575.817,463836.917,6287.484,23,2009.2,1972.4,91373,315957,301615,25309,10,2009.1,1973.2,41354,134996,157459,9055,13,1975.1,1973.2,386040,1437211,2109707,167354,19,2009.3,1972.4,310053,1134849,1686847,137491,20,2009.1,1972.4,12828,50293,65604,4870,10,2009.3,1972.4,0.36027020444419,0.577253443224779,0.196233975443679,18,2009.4,1990.3,8.40653797149545,16.04,8.27,53,2010.1,1974.4,288.819512388275,288.655678097552,289.9,43.3,40,2017.2,1971.1,29.348816236733,0,0,112805.559,31,2009.3,0,0,41370,28,1975.2,0,0,553224,30,2009.3,0,0,33695,29.5,1975.3,2352.48316246407,50,39,687982.6734,17,317575.817,20,216071262.468,11,41249830.539,14,983.534312829525,20,1.67511524040494,28,0.375238260172321,41,9500,38.5,1822676.996,7,0.978183188447404,30,"0.45","27",68.8721331448232,8,0,27.5,0,1,1,1,0,27.5,4921168.309,52358907.509,0.709608168868657,48,4.37034291790135,25,225.037333333333,9,30.0986153846154,19,13.3749431433371,48,30.0986153846154,19,13.3749431433371,48,4240.863,10,5149.19166666667,8,"Georgia",31804,184144921.065,"0.96","25",44218485.005,10,186332889.12816,0.660106495964376,4.54089062460815,28.0850769230769,28.0850769230769,231.218916666667,4224.7805,5092.8745,12.1465307977225,12.1465307977225,240.331,236.46925,8,10172.59646,0,27.5,8,0,"N.A."
"HI","2018.1",2018,1,43215.114,168438.348,103697.824,6425.504,36,2009.2,1972.3,16871,65603,35504,10712,37,2001.4,1989.3,5746,21945,18185,4105,46,2001.4,1989.4,101504,406637,281020,61570,45,2009.2,1989.4,87480,345921,251310,51372,45,2009.2,1989.4,1813,6721,6682,728,45,2009.3,1989.4,0.296798410245087,0.478795765067723,0.163168755347526,35,2010.2,1990.1,15.7630895420369,20.81,11.12,19,1972.3,1991.1,508.298589580686,499.963003930394,508.3,63.4,2,2018.1,1971.1,54.3931100072107,0,0,4603.738,31,1976.3,0,0,4850,28,1976.2,0,0,51740,30,1976.3,0,0,3410,29.5,1976.4,7675.47723855092,3,1,172104.59337,38,168438.348,31,29570152.931,40,15087580.618,32,919.166055892219,27,1.0410715738785,47,0.715037376090939,17,44000,2,510232.8267,33,2.29702338419172,8,"1.02","5",36.3503560388754,29,0,27.5,0,1,1,1,0,27.5,3283121.484,7383624.488,1.26215193024541,32,1.98977702484014,52,13.648,49,8.03292307692308,45,58.8578771755794,2,8.03292307692308,45,58.8578771755794,2,613.931,42,685.906,43,"Hawaii",5351,21967035.326,"1.17","18",5394555.576,41,22212783.3008344,1.26911604580601,2.19820673855867,8.03734615384615,8.03734615384615,15.0524166666667,618.666,684.599416666667,53.3957193175811,53.3957193175811,32.409,32.074,44,2891.15764,0,27.5,34,0,"N.A."
"IA","2018.1",2018,1,156564.992,389929.716,229590.78,4417.921,14,2009.1,1972.4,39746,156015,115881,15545,22,2009.1,1974.2,31033,76483,63848,6856,17,1982.1,1974.2,411063,1096699,840777,89474,16,2009.1,1974.3,395196,1019797,743871,79526,15,2009.1,1973.4,5399,20563,19632,1761,24,2009.3,1973.4,0.246225138601176,0.464465413860177,0.136131897548214,47,1975.3,1979.4,13.3336427702888,16.54,10.55,37,2010.1,1999.2,407.733858136993,395.856868156287,407.7,52.2,8,2018.1,1971.3,45.2129682269346,0,0,19657.687,31,1983.2,0,0,16997,28,1983.1,0,0,138046,30,1983.2,0,0,11489,29.5,1983.2,5098.25341579174,23,3,485288.52146,24,389929.716,17,69289246.494,29,29577683.592,21,875.538332651348,34,1.58047540317335,30,0.862494388594255,11,29300,12,1028745.855,18,1.89820120026335,16,"0.76","14",31.659424130681,33,0,27.5,0,1,1,1,0,27.5,5461668.346,16893751.227,2.11801665928051,15,3.38146196908134,43,56.339,32,31.712,17,56.2878290349491,4,31.712,17,56.2878290349491,4,1526.108,29,1666.11366666667,30,"Iowa",13536,54199542.65,"1.37","12",13189393.058,31,54195827.8636255,1.39006082721616,2.9851539596244,21.1815769230769,21.1815769230769,50.0350833333333,1521.90425,1676.25116666667,42.3334498754912,42.3334498754912,NA,NA,52,6028.09382,0,27.5,17,0,"N.A."
"ID","2018.1",2018,1,35984.532,89559.186,136514.551,1989.587,41,2009.1,1972.4,18115,62471,63591,7699,35,2008.4,1972.3,11189,27357,35438,3737,33,2009.1,2017.3,129700,352480,572603,53062,40,2009.1,1972.4,115708,292968,511439,40048,40,2009.1,1972.4,3639,9503,14479,920,33,2009.2,1972.4,0.31821987074306,0.525629061540289,0.219822630973887,29,1983.2,1979.3,10.7090689768615,17.13,9.74,50,2010.1,1971.1,324.237019003312,318.540571758591,324.2,45.3,34,2018.1,1971.3,41.3444223184331,0,0,8752.811,31,2010.3,0,0,6825,28,1982.2,0,0,50961,30,1983.1,0,0,3966,29.5,1982.4,3273.72102204189,44,12,171899.56826,39,89559.186,44,27631770.971,41,14858186.501,34,770.455974218732,50,1.14856123920988,41,0.788580266380591,14,37800,5,584914.2933,30,2.64231894555661,7,"0.83","11",78.3724354037787,6,0,27.5,0,1,1,1,0,27.5,3407955.351,7061563.429,1.49022957463425,26,3.48520048541255,41,29.4183333333333,40,10.2670769230769,40,34.9002671454658,20,10.2670769230769,40,34.9002671454658,20,707.365,39,844.093,39,"Idaho",3737,21640837.119,"1.44","10",5595558.109,40,22136400.0846153,1.00011744408016,3.02430581169234,6.91469230769231,6.91469230769231,25.4060833333333,689.69575,839.934166666667,27.2166796312917,27.2166796312917,54.517,53.47475,36,3276.76614,0,27.5,30,0,"N.A."
"IL","2018.1",2018,1,615860.551,1841117.964,1265652.64,33424.966,3,2009.2,1973.3,132689,525705,376470,107814,6,1982.1,2017.3,98356,283842,225814,45457,4,2009.1,1973.4,1760357,5556648,4118663,609793,4,2009.2,1973.4,1566636,4893092,3821063,563654,4,2009.2,1973.4,23538,100840,118250,12720,5,2009.3,1972.4,0.341891933126969,0.562754885017297,0.280338228291226,21,2010.1,1974.1,17.2387877762981,22.41,11.69,11,2010.2,1975.1,394.703737280903,378.201249726437,394.7,51,12,2018.1,1971.3,34.278775559579,1.909,7.887,176191.058,5,2010.4,0,0,87362,28,1980.3,0,0,837469,30,1982.2,1,1,52597,4,1980.4,6486.41837360222,6,30,2030855.66966,6,1841117.964,6,334851039.078,5,66698478.947,7,1103.31026576225,8,2.84232613086489,10,0.692932476441373,21,12960,30,1246770.408,12,0.452284562049909,44,"0.21","41",8.12617398153854,46,0,27.5,0,1,1,1,0,27.5,7968154.486,80126813.81,2.36364646568754,11,4.88726066741652,14,315.83,6,135.979923076923,4,43.0547836104623,14,135.979923076923,4,43.0547836104623,15,5863.194,5,6462.31133333333,5,"Illinois",56443,273589182.273,"0.37","42",65327171.367,5,275660615.597669,1.83844404160694,4.7867654651264,107.448673076923,107.448673076923,310.682666666667,5836.47525,6490.15741666667,34.5847015637359,34.5847015637359,323.975,322.50525,5,7996.0355,0,27.5,12,0,"N.A."
"IN","2018.1",2018,1,87050.546,260572.456,567088.607,8800.368,21,2009.1,1973.3,40505,152655,246275,33302,20,2008.4,2017.2,25429,71539,145270,14237,18,2009.1,1976.3,367326,1181113,2096749,213820,20,2009.1,1973.3,296932,916605,1898328,191546,21,2009.1,2017.3,3488,15095,65129,3488,34,2009.2,2018.1,0.19411295715241,0.606537993525527,0.19411295715241,49,2009.2,2018.1,12.8126616251276,18.64,8.6,40,2010.1,1974.1,295.415137606805,286.571029536241,310.7,40.3,38,2009.2,1971.2,32.77617849349,0,0.145,75663.504,31,2010.3,0,0,59314,28,1983.1,0,0,384295,30,1983.1,0,2,26438,29.5,1975.3,3642.38325948084,39,32,554895.94447,20,260572.456,24,135129404.188,19,27053014.767,23,874.327156819578,35,1.98405267443515,22,0.489034073597115,35,9500,38.5,352290.9559,42,0.317191578905877,48,"0.16","43",16.2238616302561,41,0,27.5,0,1,1,1,0,27.5,3129308.286,33212014.007,0.965240961537936,37,3.51980925519832,39,116.652333333333,19,28.3583846153846,20,24.3101734916444,34,28.3583846153846,20,24.3101734916444,34,2985.007,15,3314.16633333333,16,"Indiana",15831,109756373.222,"0.23","47",26929477.57,19,111065671.136414,0.768535169926634,3.3690236205721,22.8247115384615,22.8247115384615,111.966166666667,2972.1625,3323.00691666667,20.3853648097221,20.3853648097221,130.549,129.847,22,2065.68402,0,27.5,43,0,"N.A."
"KS","2018.1",2018,1,52658.072,170537.202,216603.119,3918.72,27,2009.2,1973.3,27164,105475,77861,13080,30,2009.4,1973.2,13840,41251,37986,6024,31,2009.1,1973.2,174029,577432,678118,94514,33,2009.2,1973.3,139244,456561,603990,74015,35,2009.2,1973.3,4272,16824,19641,1499,29,2009.4,1973.4,0.370311674590597,0.588332777839499,0.205795239624594,17,2009.4,1980.1,11.0678771423723,19.41,10.45,49,2010.2,1973.4,386.304987030242,381.182122698739,386.3,50.5,14,2018.1,1971.3,44.5504291834228,0,0,17958.861,31,2010.4,0,0,7790,28,1982.3,0,0,61797,30,1980.4,0,0,6529,29.5,2010.4,4134.13497854597,34,5,255090.73321,29,170537.202,30,59859207.18,33,21873851.341,27,855.619417557883,40,1.12959386597305,42,0.452207108944156,37,14000,26,625111.7783,28,1.14489627955015,24,"0.58","22",43.9865393100562,23,0,27.5,0,1,1,1,0,27.5,3249230.692,14418597.279,1.00284114024551,36,3.50341026574346,40,51.429,36,13.4678461538462,33,26.1872604053086,28,13.4678461538462,33,26.1872604053086,28,1336.118,32,1467.96966666667,33,"Kansas",9201,54639937.788,"1.05","21",13135103.543,32,54599861.0935846,0.825390158116878,3.50532526222857,11.1860576923077,11.1860576923077,51.7855833333333,1345.38625,1477.13,21.6007177524782,21.6007177524782,74.667,74.03925,31,3550.77832,0,27.5,28,0,"N.A."
"KY","2018.1",2018,1,88172.09,286113.152,313555.174,7436.06,19,2009.1,1972.3,37334,158939,169794,23443,23,2009.1,1973.2,16545,47690,110332,9526,25,1994.1,2017.4,299057,998268,1093522,93053,24,2009.1,1973.3,263152,879401,1075649,147330,24,2009.1,1973.3,4064,16232,27544,2882,32,2009.3,1972.4,0.328942568799903,0.475443675594272,0.128127189108519,26,2013.3,1995.2,18.439945481233,22.07,8.9,2,2013.3,1994.1,340.873712804346,332.666100734351,340.9,46.3,27,2018.1,1971.2,38.8737133033997,0,0,45449.156,31,2010.4,0,0,37682,28,1976.2,0,0,252175,30,1983.1,0,0,14588,29.5,1983.1,5999.43703082407,11,21,484283.12027,25,286113.152,22,81643470.525,28,17436832.804,31,855.761059248379,39,2.59693132399665,13,0.696234343437291,20,10200,36,400152.3703,40,0.61310888691338,42,"0.23","40",16.7829699894397,40,0,27.5,0,1,1,1,0,27.5,2054495.894,19596294.091,1.26552779589192,31,4.49168737344239,21,92.0036666666667,26,23.3113076923077,24,25.3373681037796,31,23.3113076923077,24,25.3373681037796,31,1819.833,27,2048.30966666667,27,"Kentucky",11367,65038815.92,"0.42","40",15846278.364,28,65266118.1139482,1.05033797307902,4.56529159474695,19.5305,19.5305,93.81,1834.70225,2053.83175,20.819209039548,20.819209039548,93.892,93.414,27,2330.86585,0,27.5,39,0,"N.A."
"LA","2018.1",2018,1,36406.057,160491.927,468739.503,11866.466,40,2005.4,1972.3,24040,111466,228256,22617,31,2005.3,2017.1,10331,46372,144081,10331,36,2005.3,2018.1,155745,782667,2775877,155745,36,2005.4,2018.1,171094,760590,2457505,171094,30,2005.4,2018.1,4101,17341,70297,4101,30,2006.1,2018.1,0.339128564164744,0.631127543687117,0.194931238211819,23,1987.1,2007.1,16.4019235745709,27.07,7.87,14,2006.4,2005.3,215.062367902994,212.935700445965,233.2,45.9,51,2009.3,1971.1,24.1491253377807,0,0,45477.479,31,1986.3,0,0,28301,28,1982.3,0,0,354101,30,1986.3,0,0,26548,29.5,1986.3,3460.96625118606,42,50,215696.83157,34,160491.927,32,85952189.931,26,14650846.082,35,881.753262147481,32,1.56681844662901,31,0.327660217650826,45,7700,49,894933.1204,20,1.27823698978571,22,"0.41","32",66.9142532309429,10,0,27.5,0,1,1,1,0,27.5,1647651.879,20884140.381,0.641921406019112,50,4.26879327072934,28,90.7526666666667,28,12.0216923076923,36,13.2466546155033,49,12.0216923076923,37,13.2466546155033,49,1864.939,25,2125.956,25,"Louisiana",12705,70057988.927,"1.3","13",17014560.669,26,70013082.6717849,0.802525904522616,4.79174123219619,15.1154038461538,15.1154038461538,101.609166666667,1874.591,2120.36208333333,14.8760238293662,14.8760238293662,100.174,99.761,26,5038.76026,0,27.5,20,0,"N.A."
"MA","2018.1",2018,1,491868.954,1502629.204,798741.337,46837.699,7,2009.1,1972.4,84287,321026,256217,62785,12,1974.4,2017.3,59239,173728,157733,30738,9,1975.1,1987.2,1085985,3526295,2421836,585927,7,1975.1,1987.4,984703,3024575,2159531,518866,7,1975.1,1987.4,14643,57407,59185,10557,9,2009.3,1984.4,0.32067366774662,0.570320285332675,0.24233143238773,28,2009.4,1985.3,17.4098303094493,21.43,14.19,9,2010.1,1985.2,510.837604501069,509.865246201161,518.2,56.9,1,2017.4,1971.2,38.3947665974517,0,4.066,142808.791,31,2011.1,0,0,56008,28,1991.2,0,2,525167,30,1975.3,0,0,35966,29.5,1976.4,8649.32080033155,1,22,1472773.6419,7,1502629.204,7,240512441.443,9,51765768.584,10,1327.95506102908,3,2.66248539083026,12,0.71358091054523,18,15000,22,673413.246,25,0.3444362186373,46,"0.16","43",5.37787960628509,48,0,27.5,0,1,1,1,0,27.5,7486191.562,57699583.201,2.45018110608118,9,3.95354269405152,33,146.011,16,83.8232307692308,7,57.4088464357006,3,83.8290769230769,7,57.412850348999,3,3517.097,13,3693.16866666667,14,"Massachusetts",38433,193146426.093,"0.27","45",46295784.004,9,195511740.508661,1.96192802065799,3.62103235045854,68.1703653846154,68.1662115384615,132.944916666667,3482.97875,3669.74441666667,51.2771507883517,51.2740263017162,224.184,222.26275,11,4750.01246,0,27.5,21,0,"N.A."
"MD","2018.1",2018,1,143830.364,502526.575,292557.256,12029.011,15,2009.1,1973.3,47172,187987,117122,37958,18,1975.1,1973.2,24962,78615,70645,14868,19,1975.1,1973.2,433400,1625876,1063981,251067,15,2009.1,1973.4,423427,1496206,959709,202353,14,2009.1,1973.4,7079,30590,28707,3394,19,2009.3,1973.4,0.377826908587873,0.523392165393748,0.184011398936217,16,2010.1,1979.3,19.032067671564,19.58,11.38,1,2010.1,1974.4,339.584134669044,342.099854765039,346.7,52.8,28,2017.4,1971.2,31.3876327230364,0,0,77735.389,31,2011.4,0,0,29539,28,2011.4,0,0,269571,30,2011.4,0,0,24966,29.5,2012.1,6392.24798066527,7,34,550856.96239,21,502526.575,13,141821176.046,16,21024446.69,28,1089.91926146109,9,2.31016618492517,16,0.434043884289848,38,8500,45,1042552.371,17,0.92479348597249,32,"0.44","29",24.8954564283491,36,0,27.5,0,1,1,1,0,27.5,2475758.339,34329387.65,1.35265581672743,29,4.58790475693244,18,147.630333333333,15,33.6823076923077,15,22.815302879698,36,33.6823076923077,15,22.815302879698,36,2502.835,22,3217.816,18,"Maryland",17339,111901048.622,"0.81","32",27165624.855,18,112733533.141583,1.25641306769884,4.16544408858243,31.6386730769231,31.6386730769231,134.325333333333,2502.32325,3224.78341666667,23.5537647975982,23.5537647975982,147.793,146.864,17,6030.78221,0,27.5,16,0,"N.A."
"ME","2018.1",2018,1,33159.329,85861.899,81223.311,4084.171,44,2009.1,1973.4,11935,39105,56157,6801,43,1975.1,2017.3,7995,20670,35621,3274,40,1975.1,2017.3,111179,312400,445345,53883,43,1991.1,2017.3,102118,269966,385026,46014,43,1991.1,2017.3,1241,5498,10511,1081,48,1975.2,2017.3,0.246160734273562,0.645314438400611,0.198484970585865,48,1983.3,1988.3,13.0607643928399,18.67,10.12,39,1983.3,1980.1,328.936202826573,326.502743199358,328.9,46.4,29,2018.1,1971.3,39.7128487830652,0,0,11748.416,31,1991.2,0,0,9967,28,1975.2,0,0,79530,30,1991.2,0,0,6467,29.5,1975.2,4153.93802612482,33,17,111630.84827,46,85861.899,45,25319698.057,43,5889842.825,47,822.158956621084,44,1.8248167598598,25,0.583319176713796,28,12000,33,406939.3967,39,2.18975959094809,9,"0.79","13",56.8735704343087,15,0,27.5,0,1,1,1,0,27.5,851121.833,6416038.476,1.4990212050443,25,3.26561454283664,45,22.5593333333333,45,8.61153846153846,43,38.1728410777733,16,8.61153846153846,43,38.1728410777733,16,610.694,43,690.814333333333,42,"Maine",3274,18425390.985,"1.18","16",4681435.684,43,18583747.6580618,1.02436406423416,3.1037290139392,6.05340384615385,6.05340384615385,21.7355,592.24225,700.490333333333,27.8503086938596,27.8503086938596,45.965,46.15825,38,2333.89533,0,27.5,38,0,"N.A."
"MI","2018.1",2018,1,297364.262,780182.635,1144369.773,37945.526,10,2009.1,1973.3,124034,467936,634212,82033,7,1980.2,2017.2,75414,216949,302813,37863,7,1975.1,2017.2,1071757,2992397,4132117,616640,8,1980.1,2017.3,967438,2607589,4105400,524584,8,1975.1,2017.4,17402,70411,113314,13846,8,2009.3,2017.3,0.311551718797704,0.540942200441865,0.209376127651371,33,2010.1,1999.3,12.0193639979903,21.45,10.13,45,2010.1,2001.1,315.436145046468,308.655822840119,315.4,57.2,35,2018.1,1971.4,31.0349830826615,0,0,217641.185,31,2010.3,0,0,150923,28,1977.1,0,0,997967,30,1980.3,0,0,58927,29.5,1975.3,3596.15686175092,40,35,1227316.58454,9,780182.635,11,218966885.364,10,36756300.927,15,994.541617818886,19,3.37346491547838,5,0.703964717216879,19,9000,42,3509713.706,4,1.97098005262942,13,"N.A.","N.A.",53.9829555063091,16,0,27.5,0,1,1,1,0,27.5,4129307.742,53100907.385,1.98266040450374,16,5.03674373595679,9,245.428333333333,8,82.7482307692308,8,33.7158426842449,22,82.7482307692308,8,33.7158426842449,22,4263.058,8,4872.758,10,"Michigan",52865,176139639.626,"N.A.","N.A.",42619069.362,11,178069468.603592,1.37012681836679,4.57696417465487,57.8005192307692,57.8005192307692,223.781583333333,4234.0125,4888.126,25.8289884135249,25.8289884135249,217.735,216.442,14,20062.09079,0,27.5,4,1955600,"Sep. 2012"
"MN","2018.1",2018,1,322916.22,790112.388,487854.009,10433.583,8,2009.1,1971.3,55930,209891,134061,30416,16,2009.4,1973.2,42475,110124,92782,14570,11,2009.1,1973.3,863524,2270449,1608943,149688,10,2009.1,1973.3,722924,1799030,1409108,199220,10,2009.1,1973.3,9971,36220,41161,4658,13,2009.3,1978.3,0.316163441310743,0.580373422508858,0.248336149685166,32,2010.1,1999.4,16.3364026007047,21.39,12.94,15,2010.2,1971.1,455.512604665407,450.261268772654,455.5,48.4,5,2018.1,1971.3,42.2055859060037,0,0,67390.737,31,2010.3,0,0,37237,28,1983.2,0,0,285386,30,1983.2,0,0,13855,29.5,1975.2,7174.75198866732,5,10,742857.4385,14,790112.388,10,156181387.166,15,58853115.72,9,1066.82861784085,11,1.26222661266437,38,0.61542829541148,27,32000,9,1396894.211,11,1.14350736466098,25,"0.65","20",21.2156280379697,38,0,27.5,0,1,1,1,0,27.5,10537402.082,37886771.655,2.40175128555484,10,3.89095170619132,36,120.554666666667,17,66.622,10,55.2628959476197,5,66.622,10,55.2628959476197,5,2837.559,17,3098.33366666667,20,"Minnesota",15218,120706131.736,"0.91","28",29251888.399,16,122158741.969637,1.56412671193269,3.31394727137929,43.8253269230769,43.8253269230769,102.019166666667,2815.34275,3077.12525,42.9579346264118,42.9579346264118,133.471,132.57575,20,8421.75517,0,27.5,10,0,"N.A."
"MO","2018.1",2018,1,90097.108,283133.848,298236.456,13288.804,18,2009.2,1973.3,60904,224397,231277,48298,14,1975.1,2017.3,31161,90267,102722,18567,16,1975.1,2016.2,395166,1330681,7442287,291099,18,1974.2,2016.2,345810,1106921,1199748,229717,19,2009.1,2016.2,7823,30920,37524,5746,17,2009.3,1973.4,0.332315893555737,0.536483344337321,0.231571927921854,25,2010.1,1974.3,12.2627427520578,19.56,10.42,44,2010.2,1979.3,268.021147291409,262.649744064552,268.6,49.1,42,2017.4,1971.3,29.3266305179177,0,0,37999.501,31,2009.3,0,0,30055,28,1975.3,0,0,238666,30,1980.3,0,0,18794,29.5,1975.4,3136.62631969601,45,40,419982.04629,26,283133.848,23,126818294.295,22,30395988.402,18,895.601504250824,31,1.36971209323335,37,0.413762797134049,40,13000,29,795066.9419,21,0.783884320704012,37,"0.4","33",33.6971484341922,31,0,27.5,0,1,1,1,0,27.5,3875244.361,30661364.249,1.13022185544054,33,3.93758247846875,34,119.013666666667,18,30.6602307692308,18,25.7619411517703,30,30.6602307692308,18,25.7619411517703,30,2714.705,19,3022.506,22,"Missouri",20186,100622272.443,"0.71","35",24525731.874,22,101426565.234261,0.944930308288515,3.63415938070957,25.9341346153846,25.9341346153846,110.697166666667,2723.101,3045.41325,23.4280021759526,23.4280021759526,167.447,162.732,16,4520.76281,0,27.5,23,0,"N.A."
"MS","2018.1",2018,1,17647.907,77422.757,99628.414,1738.307,50,2005.4,1972.4,12466,62510,107300,9352,41,1982.1,1972.3,6135,27612,46604,3605,45,1982.1,1972.3,99558,469728,636950,56020,47,1983.1,1972.4,85779,383747,545032,43771,47,1983.1,1972.4,1854,7772,14442,903,44,2009.3,1973.4,0.264380719120999,0.482650838597255,0.192744724398334,44,2010.3,1974.3,13.8978342749529,18.86,8.48,34,2010.1,1974.4,209.860825873802,206.119053813145,209.9,32,52,2018.1,1974.1,28.2960763395164,0,0,8432.545,31,1983.2,0,0,10896,28,1975.3,0,0,107082,30,1983.2,0,0,6468,29.5,1983.1,2803.95324496596,49,41,114426.32388,45,77422.757,46,41726030.342,37,12782667.559,37,728.436873508476,52,0.652344705165151,52,0.255482001296822,49,14000,26,652895.2242,26,2.00051629943797,12,"1","7",101.194312809088,4,0,27.5,0,1,1,1,0,27.5,1775533.41,10237148.459,0.699728150574177,49,4.43374375068231,24,56.1816666666667,33,7.75769230769231,47,13.8082274307021,47,7.75769230769231,47,13.8082274307021,47,1099.513,35,1267.13833333333,35,"Mississippi",8122,32639111.396,"1.86","4",8027521.089,36,32636336.1489945,0.821165206824324,4.82551104382596,9.13257692307692,9.1325,61.6560833333333,1101.56925,1277.16033333333,14.8121262807162,14.8120015191797,56.501,56.101,35,3652.63067,0,27.5,26,0,"N.A."
"MT","2018.1",2018,1,43522.411,104380.492,65851.618,1266.878,35,2010.1,1971.3,12463,48345,32181,6587,42,2009.4,1971.2,8264,21556,16260,2169,39,2009.1,1971.3,144922,382766,306434,42972,38,2010.1,1971.3,134026,331846,266683,31660,36,2010.1,1971.3,2599,7762,6391,1032,39,2009.2,1971.4,0.341517071453713,0.577425063599159,0.252344326203772,22,2010.4,1978.3,15.3946001113379,22.11,12.14,23,2010.2,1972.3,353.079112106314,343.020990967098,353.1,37.9,21,2018.1,1971.2,43.5683801930171,0,0,3722.33,31,1983.1,0,0,6104,28,1982.2,0,0,35423,30,1980.3,0,0,3058,29.5,1983.2,4842.29411764706,26,6,101300.55152,48,104380.492,43,18231120.779,48,10068932.811,39,787.316373588926,49,1.11394100154752,46,0.745519122084511,16,31400,10,291504.1155,46,1.91260287917925,15,"0.67","19",33.512482255784,32,0,27.5,0,1,1,1,0,27.5,2243768.617,4517285.117,2.56130423233247,7,4.93314381200269,13,25.694,43,11.6801538461538,37,45.4586823622396,10,11.6801538461538,38,45.4586823622396,10,449.001,46,520.844333333333,45,"Montana",2808,15044814.771,"1.39","11",3829661.469,48,15241225.3831329,1.66714319104801,4.06896451200172,7.62278846153846,7.62278846153846,21.3778333333333,445.30825,525.840416666667,35.6574417186267,35.6574417186267,41.341,40.84525,40,1702.89316,0,27.5,45,0,"N.A."
"NC","2018.1",2018,1,48407.313,188175.749,752297.965,5433.301,32,2009.2,1973.4,34977,147664,603073,34977,26,1982.1,2018.1,21302,79993,247972,13856,21,1975.1,1972.4,256952,1052220,2823864,166169,25,2009.2,1973.4,191659,738717,2515240,131814,28,2009.2,1973.4,9889,41433,92476,1894,14,2009.3,1973.4,0.461017213178596,0.638513767904336,0.125096452987462,5,2010.2,1989.1,9.23477054242246,18.43,7.45,52,2010.2,1988.4,256.528327119689,258.691244422129,311,38.8,45,2009.3,1972.2,27.9407873555892,1.084,1.084,161722.169,6,2011.1,0,0,50161,28,2010.2,0,0,572612,30,2011.1,1,1,25763,4,2011.1,2352.40269773605,51,42,805283.95535,12,188175.749,28,204147717.256,12,72557837.129,6,925.855242122878,25,1.11956963043945,45,0.490073522306633,34,23100,16,3235061.285,5,1.92100380842172,14,"0.75","15",206.300416638703,1,0,27.5,0,1,1,1,0,27.5,12094925.504,49578001.849,0.471283677422764,52,4.51215676483765,20,224.224666666667,10,19.9812307692308,25,8.91125453156986,52,19.9812307692308,25,8.91125453156986,52,4252.977,9,4969.34566666667,9,"North Carolina",20264,165757885.71,"1.19","15",40253635.951,14,168404730.423616,0.480946213249845,4.45276056316798,20.4877884615385,20.4877884615385,220.827916666667,4240.31475,4959.04916666667,9.27771668129449,9.27771668129449,221.739,218.99725,12,17952.56309,0,27.5,5,0,"N.A."
"ND","2018.1",2018,1,49046.649,107222.054,80093.824,619.917,30,2016.1,1971.3,9208,33998,19830,1942,46,1982.4,1971.3,7162,17403,11757,929,42,2016.1,1971.3,114686,260289,190838,17102,42,1983.1,1971.3,104162,227794,171825,14351,42,1983.1,1971.3,2875,7752,4709,382,37,1983.2,1971.4,0.378885630498534,0.470423762663859,0.210362386908588,15,1983.2,1998.3,13.0893524105039,15.89,9.34,38,1987.1,1997.2,473.191663840061,473.858562145341,533.7,43.7,4,2016.2,1971.3,49.7165178205455,0,0,3551.381,31,1983.2,0,0,3219,28,1983.2,0,0,27093,30,1983.2,0,0,1798,29.5,1983.2,6161.12474860656,10,2,191952.41402,36,107222.054,41,20062877.345,47,9286339.673,40,953.120980547671,22,1.8834343687484,24,1.13519232501008,6,35100,6,127675.9275,48,0.825052754989502,35,"0.4","33",14.2891417655551,42,0,27.5,0,1,1,1,0,27.5,1850900.946,4983241.857,2.2333046428029,13,3.33417362764846,44,13.623,50,8.85061538461538,42,64.9681816385186,1,8.85061538461538,42,64.9681816385186,1,404.879,49,408.587,48,"North Dakota",2428,15407267.046,"0.85","31",3906435.174,46,15474880.4519324,1.24114344123356,2.57535459817643,5.05801923076923,5.05801923076923,10.6496666666667,404.80125,414.010833333333,47.494624846811,47.494624846811,25.075,25.2545,47,782.59454,0,27.5,48,0,"N.A."
"NE","2018.1",2018,1,29485.434,73224.22,75649.759,2318.662,46,2009.2,1971.3,11647,46047,34948,7931,44,2009.4,1972.2,7356,18817,22141,3412,41,1975.1,2016.3,101141,287397,327295,37274,46,1983.1,1971.3,87306,224371,282568,44035,46,1983.1,2017.4,1589,5111,8602,917,46,2009.3,1977.4,0.266517182040987,0.554372778750829,0.236805002145528,43,2010.1,1989.1,11.9238454588936,15.4,10.28,47,2010.2,1980.2,342.451149840903,332.017968206821,342.5,42.9,25,2018.1,1971.3,39.1359784788529,0,0,4592.177,31,1975.1,0,0,13165,28,1975.1,0,0,96451,30,1975.1,0,0,4304,29.5,1975.2,3891.38651219642,37,20,78934.02829,49,73224.22,47,42095818.314,36,7814408.486,41,848.370172694741,41,0.922938711601926,48,0.223925369255116,52,9000,42,407198.9968,38,1.25626112523924,23,"0.82","12",66.7318540450141,11,0,27.5,0,1,1,1,0,27.5,885093.147,10485974.014,0.828135566269555,42,2.97334767649977,51,29.925,39,7.81830769230769,46,26.1263414947625,29,7.81830769230769,46,26.1263414947625,29,957.998,36,1006.44133333333,37,"Nebraska",3552,32208142.043,"1.71","7",7986497.906,37,32413563.4398823,0.580881036015448,2.85787320143859,5.55959615384615,5.55959615384615,28.8245,954.22375,1008.50625,19.2877453341642,19.2877453341642,57.9,58.942,34,2323.41936,0,27.5,40,0,"N.A."
"NH","2018.1",2018,1,15948.537,51586.056,75553.603,1519.163,51,2009.2,1972.4,7964,29095,37137,5833,49,1974.4,2000.2,4285,12938,31034,2086,50,1975.2,1999.4,58992,188742,319890,20449,50,2010.1,1987.4,50379,161954,278058,16768,51,2009.2,1987.4,572,2371,7276,1,51,2009.3,1985.3,0.174415183169045,0.420469207145323,0.0179073399271213,50,2010.1,1988.1,12.5176997990416,18.02,5.38,43,2004.1,1988.1,327.085216296586,330.095251677397,341.2,45.1,32,2017.4,1971.2,31.5998585396051,0,0.63,10183.863,31,2010.3,0,0,5320,28,2010.3,0,0,35712,30,2010.3,0,1,2554,29.5,1976.1,3987.17390632246,36,33,57416.80473,51,51586.056,51,35029494.086,38,7465666.722,44,1044.60990312244,15,0.875199877426299,50,0.237925697968754,50,14000,26,289696.452,47,1.04733559974128,28,"0.42","30",67.3894787382078,9,0,27.5,0,1,1,1,0,27.5,925280.332,8574403.675,0.714391936109684,46,3.00500998343667,50,22.4846666666667,46,4.55669230769231,50,20.2657765634016,40,4.55669230769231,50,20.2657765634016,40,648.96,41,748.239333333333,41,"New Hampshire",3012,27462147.451,"1.04","22",6771047.994,38,27660327.0309499,0.566259568568302,2.6247123965524,3.64559615384615,3.64559615384615,19.6225,644.87625,747.48325,18.5786528416163,18.5786528416163,42.383,42.60225,39,1642.09583,0,27.5,47,0,"N.A."
"NJ","2018.1",2018,1,598461.029,2007266.093,1010195.065,64334.47,4,2009.1,1972.4,135081,533544,292554,96503,5,1975.1,1987.3,79944,256805,185783,45958,6,1975.1,1988.2,1508982,5260858,2904747,671413,6,2009.1,1972.4,1379885,4719031,2724700,715819,6,1975.1,1987.4,38801,122602,85010,18202,3,2009.3,1988.4,0.462490239200878,0.62024413391367,0.332450105433556,4,2009.4,1988.3,18.3759311539884,21.78,13.67,4,2010.1,1974.1,452.554370538046,443.962299024666,452.6,61.3,6,2018.1,1971.1,36.3436389140943,0,0,269855.064,31,2009.3,0,0,57890,28,2009.2,0,0,772879,30,2009.3,0,0,62935,29.5,1975.3,7816.30456182707,2,26,2248650.74912,5,2007266.093,4,250590367.757,8,91054841.609,3,1221.56809909449,6,1.91093449206331,23,0.844229629096293,13,33500,7,1943442.16,6,0.935346431036492,31,"0.32","37",11.6184426177123,43,0,27.5,0,1,1,1,0,27.5,15557859.989,58703636.429,2.99285787301777,4,4.79095159310527,16,214.449333333333,11,116.645615384615,6,54.3930883680134,6,116.645615384615,6,54.3930883680134,6,3920.927,11,4476.13233333333,11,"New Jersey",64122,206104869.461,"0.56","38",49067437.089,8,207777791.79062,2.5838960739709,4.60802147083702,101.6965,101.6965,207.8775,3944.96675,4510.83225,48.921359935539,48.921359935539,235.93,234.8875,9,11832.40393,0,27.5,6,0,"N.A."
"NM","2018.1",2018,1,36665.485,148640.384,99863.247,2686.371,39,2009.2,1972.3,10602,46090,30146,10438,45,2009.1,2000.3,6319,25158,19668,3613,44,2009.1,1972.2,127572,517502,410402,74262,41,2009.2,1972.3,112621,455082,341219,58692,41,2009.2,1972.3,2662,11528,11890,994,38,2009.3,1978.4,0.418226672471339,0.655084251346992,0.218260579806731,10,2010.3,1979.4,18.0889577867875,21.63,14.05,5,2010.2,1980.2,328.66819926179,330.092547943089,343.3,44.7,30,2016.3,1971.2,40.7783223856701,0,4.316,45090.424,31,2010.3,0,1,6697,28,2010.3,0,13,131819,30,2010.3,0,0,2596,29.5,1975.4,5908.27506161062,14,14,160747.72876,41,148640.384,37,32815616.235,39,13378562.944,36,809.480450964031,46,1.2242217769245,39,0.646392224563461,23,24300,14,424964.2845,36,1.66296935447566,18,"1.01","6",34.3081151754829,30,0,27.5,0,1,1,1,0,27.5,2452711.367,8084784.34,1.2695125912339,30,5.41769804624189,5,50.7193333333333,37,10.1643076923077,41,20.0403022364405,41,10.1668461538462,41,20.0453071554164,41,778.832,38,936.178666666667,38,"New Mexico",5722,25338064.843,"1.15","19",6287646.221,39,25554546.9527906,1.2786985279808,5.87637312643851,10.2207115384615,10.2160769230769,54.7661666666667,779.59825,932.198583333333,18.6624556008634,18.6539930487684,47.681,47.454,37,2406.17197,0,27.5,36,0,"N.A."
"NV","2018.1",2018,1,81552.457,299523.782,295712.075,3806.838,24,2009.2,1971.2,30325,125171,92304,16436,28,2009.1,1989.2,15879,61120,55545,5250,27,2009.1,1973.2,256693,1023567,1030863,82510,26,2009.2,1978.3,243050,910664,960458,70349,26,2009.2,1978.3,5364,21468,32927,1506,25,2009.3,1978.3,0.343509984639017,0.632903323393405,0.212521188206852,20,2010.1,1989.3,14.8996073298429,20.98,11.44,26,2010.2,1979.2,349.076399723056,342.173063112694,349.1,46.5,22,2018.1,1971.2,37.5473780435299,0,0,50108.951,31,2011.1,0,0,14932,28,2010.4,0,0,159403,30,2011.1,0,0,7063,29.5,2011.1,4900.58543848168,24,24,650371.16151,19,299523.782,21,61462069.311,32,29954806.125,20,911.310139195342,29,2.02828976580465,20,1.14796683747194,5,29500,11,1105049.756,14,2.06435378376427,10,"0.69","18",44.2722677426663,22,0,27.5,0,1,1,1,0,27.5,6020672.79,15493714.899,1.53963834126706,24,5.07987527619223,8,75.555,30,19.9586153846154,26,26.4160087149962,27,19.9586153846154,26,26.4160087149962,27,1313.264,33,1487.33966666667,32,"Nevada",14418,52925768.164,"0.92","26",13236315.614,30,53530056.945229,1.54275087426239,4.96583522255978,19.8615,19.8614807692308,73.14275,1296.993,1472.97716666667,27.1544343082534,27.1544080161476,70.576,69.45025,32,6121.17146,0,27.5,14,0,"N.A."
"NY","2018.1",2018,1,671530.031,2238384.475,1343647.9,126179.116,2,2009.2,1973.4,234261,908656,694801,188524,3,1974.4,2000.3,127575,409456,355805,78936,2,1975.1,1985.2,2216963,7912723,5933085,1751686,2,1975.1,2000.2,2048654,6914775,5422159,1535077,2,1975.1,2017.4,31647,132889,138214,31647,4,2009.3,2018.1,0.317534922174804,0.592410949772015,0.247357651315841,30,2003.2,1974.1,16.8877119885897,22.95,14.43,12,1976.1,1971.1,342.266530054203,340.402623497836,343.1,57.8,26,2017.4,1971.3,25.5412020229462,3.6,4.68,394502.271,4,2010.4,0,1,139668,28,1975.3,12,14,1316639,4,1975.4,0,0,81711,29.5,1975.4,5466.72774364034,19,48,2780102.1368,3,2238384.47592308,3,632487517.296,3,87791710.347,4,1332.75882314395,2,3.02308867831585,7,0.54051844363131,30,10900,35,1598912.895,9,0.322755946262241,47,"0.15","45",8.57178690894914,45,0,27.5,0,1,1,1,0,27.5,10718532.749,143977363.331,1.89681855269063,17,4.99845839856212,12,482.628333333333,3,171.312307692308,2,35.4957004925753,18,171.314307692308,2,35.4961148901276,18,9107.652,3,9655.54366666667,4,"New York",103708,491014004.66,"0.28","44",111013533.853,3,495393783.915254,1.67889238775232,4.67859464313286,153.064961538462,153.064096153846,453.89925,9126.3485,9701.14516666667,33.7222327506515,33.7220420949905,522.681,525.083,4,9933.8831,0,27.5,9,0,"N.A."
"OH","2018.1",2018,1,320965.616,912491.475,915732.326,19669.725,9,2009.2,1973.3,91791,368129,493816,78523,9,1982.4,1973.2,61059,169831,262818,29637,8,1975.1,1973.2,947071,2994003,3519784,465660,9,1982.1,1973.3,854439,2518010,3169009,351318,9,1982.1,1973.4,10244,44295,85247,6345,12,2009.3,1973.4,0.250761427067175,0.495215345673764,0.170294012457902,46,2010.3,1999.1,14.8265628772132,22.53,10.24,27,2010.1,1974.1,379.564619889728,367.164266713431,379.6,49.3,16,2018.1,1971.2,39.4694512300048,4.129,8.844,148489.523,3,2010.4,2,3,63037,1,1982.3,29,122,835674,2,1982.4,15,46,54560,2,1982.4,5372.93824449011,21,19,1311574.88273,8,912491.477230769,9,255200269.885,7,44071769.44,12,930.249231421571,24,2.81652735021206,11,0.61960685812957,26,9000,42,453774.2469,34,0.224420032757711,50,"0.1","48",5.96749790215848,47,0,27.5,0,1,1,1,0,27.5,4956584.365,63069819.244,1.40702006102711,28,4.72732793136365,17,271.121333333333,7,73.1576153846154,9,26.9833489254315,26,73.165,9,26.9860726562769,26,5311.407,7,5735.192,7,"Ohio",32646,200335652.15,"0.23","47",49223404.005,7,202198636.781194,1.09753226758501,4.74193132626095,57.92525,57.9159615384615,274.123,5275.68025,5779.6515,21.1311163236941,21.1277278953103,225.862,224.4555,10,3088.4843,0,27.5,32,0,"N.A."
"OK","2018.1",2018,1,54890.462,234745.728,154108.558,5870.743,26,2009.2,1972.3,18693,80759,72662,18693,34,1982.4,2018.1,9316,39505,40001,7273,38,1982.4,1978.3,179785,776748,657559,84791,32,1983.1,1973.4,153666,659267,552703,86510,33,1983.1,1978.3,4087,18042,22782,2430,31,1983.1,1998.4,0.429183120034255,0.597985028797158,0.256854814122238,8,1983.2,1999.3,16.6881913681812,20.14,10.25,13,2010.2,1982.2,364.147529223685,362.427002489616,385.9,14.7,19,2016.2,1971.1,42.8999161958867,0,0,4505.214,31,1976.1,0,0,8677,28,1976.1,0,0,83399,30,1976.1,0,0,6809,29.5,1975.4,5942.17764839894,13,9,236397.70583,30,234745.728,26,67100986.55,30,23860400.37,25,844.819837956621,42,0.91242101818931,49,0.366115838108572,42,17700,19,987141.0572,19,1.64696062318185,19,"1.21","3",50.4618030211821,19,0,27.5,0,1,1,1,0,27.5,3547835.523,16367508.122,0.913684197687343,40,4.04191895382226,32,74.5626666666667,31,13.974,32,18.7412825006259,42,13.974,32,18.7412825006259,42,1520.328,30,1844.73433333333,29,"Oklahoma",9571,59464050.811,"1.68","8",14656388.543,29,59937137.7375673,0.980184952031006,4.14209345840535,15.1152884615385,15.1152884615385,76.2274166666667,1527.4305,1840.56241666667,19.8292020410921,19.8292020410921,89.755,89.32525,28,5584.73242,0,27.5,19,0,"N.A."
"OR","2018.1",2018,1,136138.477,471413.432,432594.19,7771.417,16,2009.2,1972.3,57454,210035,187800,35888,15,2009.1,1972.3,24667,79824,91236,11218,20,2009.1,1972.3,409594,1420406,1591135,208662,17,2009.1,1972.3,357591,1233203,1430426,171876,16,2009.1,1972.3,6332,25442,43089,2889,21,2009.3,1973.4,0.295775302843591,0.54957083688728,0.183519318337275,36,2010.2,1979.4,15.4490253557827,20.47,11.96,22,2010.1,1980.2,385.504139757496,387.731571034091,397.4,42.8,15,2017.4,1971.2,40.1626160691279,0,0,81435.684,31,2010.3,0,0,29097,28,2010.2,0,0,260919,30,2010.3,0,0,9745,29.5,2010.4,5905.66035277611,15,15,990439.05343,11,471413.432,14,92506932.484,24,43127114.999,13,965.404171796797,21,2.22225755426075,18,1.34551265466031,2,38400,4,3982430.846,2,5.48882101728784,1,"1.68","1",101.374222514729,3,0,27.5,0,1,1,1,0,27.5,9288146.75,23200968.741,1.74156038783281,20,4.31232462083598,27,91.239,27,32.2766153846154,16,35.375897789997,19,32.2766153846154,16,35.375897789997,19,1857.88,26,2115.773,26,"Oregon",18092,71229026.92,"2.18","1",18203149.503,24,72555305.2915508,1.49932606288772,4.11377824372727,27.8097115384615,27.8097115384615,87.13125,1842.73025,2117.69391666667,31.9170349770737,31.9170349770737,131.025,129.0945,21,22204.39794,0,27.5,2,0,"N.A."
"PA","2018.1",2018,1,598125.82,1893877.045,1388226.266,65466.626,5,2009.1,1971.3,236185,836785,598027,165520,2,1982.4,2017.3,110831,337453,294655,70828,3,1975.1,1973.2,1823593,6284979,4703536,1317441,3,2009.1,1988.4,1614714,5268303,4309149,1122944,3,1983.1,1988.4,22891,92496,122786,15144,6,2009.3,1973.4,0.27230254267975,0.477215885140573,0.166516852863822,40,2010.2,1980.1,15.61196077676,21.11,12.44,20,2010.2,1971.1,389.229376621724,379.021522197842,399,50.6,13,2016.1,1971.3,37.0584637016111,0.177,3.579,190842.176,7,2010.4,0,0,77854,28,1983.1,0,0,664106,30,1983.1,0,0,59353,29.5,1975.4,5612.26910117853,18,25,3044923.98401,2,1893877.045,5,302318564.44,6,49816066.155,11,1022.76641916314,16,5.47983606233831,1,1.1655494074456,4,9750,37,1764283.315,8,0.746190913291427,38,"N.A.","N.A.",11.1788670948277,44,0,27.5,0,1,1,1,0,27.5,5564953.611,73874903.888,2.50732859515707,8,5.02102327018977,10,318.836333333333,5,141.133538461538,3,44.2651993221826,11,141.133538461538,3,44.2651993221826,11,5712.336,6,6350.027,6,"Pennsylvania",75431,234210471.093,"N.A.","N.A.",56835700.432,6,236438595.481925,2.13881548287964,4.79293587894906,121.816596153846,121.814807692308,307.243166666667,5684.405,6409.7485,39.6482686581625,39.6476865584667,300.497,300.36325,6,10770.16467,0,27.5,7,1929860,"Oct. 2012"
"PR","2018.1",2018,1,41523.558,157279.606,85320.379,9234.306,37,2009.3,1971.2,23995,132994,129115,18734,32,2006.2,2016.4,16184,82807,46272,6319,26,1998.4,1984.1,363532,1460949,851458,241505,21,2009.3,1971.2,356725,1352135,760622,198213,17,2009.3,1983.2,8234,28036,26319,3103,16,1976.3,1983.2,0.440589002561564,0.986009579026973,0.302942158218492,7,1984.3,1982.2,16.3287524001594,39.39,13.77,16,1984.3,1989.4,118.766303861177,118.307247617942,120.4,29.7,53,2013.4,1971.1,23.0816006714395,0,0,38265.429,31,2010.4,0,0,35906,28,1976.1,0,0,317982,30,2010.4,0,0,28829,29.5,1976.1,1899.35157655754,53,52,160967.44625,40,157279.606,34,23136285.656,46,4797370.378,49,512.560845766351,53,3.25416292050153,6,0.938691495211328,8,7000,51.5,513146.2616,32,3.11881797874398,5,"0.72","16",39.1516439785588,28,0,27.5,0,1,1,1,0,27.5,456286.711,5418955.994,3.21533573950767,3,10.1710628525626,1,110.990333333333,21,28.0286153846154,21,25.2532040789878,32,28.0286153846154,21,25.2532040789878,32,844.095,37,1091.23633333333,36,"Puerto Rico",20360,16631049.583,"1.18","16",3881291.304,47,16453228.9186898,3.20176220162368,10.5398591216818,28.1871923076923,28.1871923076923,115.226916666667,868.05025,1093.27175,24.4623332144115,24.4623332144115,NA,NA,53,2918.26639,0,27.5,33,0,"N.A."
"RI","2018.1",2018,1,51663.941,149036.205,121114.497,6857.62,28,2009.1,1972.4,16030,58805,103095,10977,39,1978.2,2017.3,10755,28421,51557,5619,35,1978.2,2017.4,159754,474657,487112,91376,35,1975.1,2017.4,144747,428209,444513,81401,34,1975.1,2017.4,2022,8277,12648,1870,43,1975.2,1987.4,0.284188841201717,0.625,0.185651843593058,39,2009.3,1979.1,15.0666408641497,19.5,9.18,24,2010.1,1979.1,363.791891594946,356.126324625697,391,54.1,20,2009.4,1971.3,35.7799309429699,0,0,40351.984,31,2010.3,0,0,11474,28,1975.2,0,0,117966,30,1975.3,0,0,8510,29.5,1975.3,5243.87618310404,22,27,233495.84557,31,149036.205,36,24076955.001,44,7732971.776,43,995.324236911836,18,2.92893157457193,8,1.24501169499734,3,22400,17,340470.6228,43,1.8641688717322,17,"0.44","38",27.4137916595501,35,0,27.5,0,1,1,1,0,27.5,1296528.949,5871904.608,2.71364515718619,6,5.14888572071734,7,28.5913333333333,42,12.3295384615385,35,43.1233420204438,13,12.3295384615385,36,43.1233420204438,14,469.844,45,555.291666666667,44,"Rhode Island",6426,18192074.252,"0.64","40",4496621.041,44,18263936.7045987,1.97671446353804,4.45966419484384,9.17832692307692,9.17832692307692,24.79475,465.1935,555.954416666667,37.0172190607968,37.0172190607968,34.616,34.3885,42,1966.4546,0,27.5,44,0,"N.A."
"SC","2018.1",2018,1,44039.726,172639.806,259328.374,4284.076,34,2009.2,1973.3,36924,141089,257606,16617,24,1982.1,1973.2,15038,56063,132837,6914,28,1975.1,1972.4,225198,833196,1265719,115424,29,2009.1,1973.2,170731,659296,1076133,93407,31,2009.1,1973.3,5540,20917,37591,2196,23,2009.3,1973.4,0.358045190003423,0.570325546546108,0.176709322068994,19,2009.2,1990.2,11.7599129550684,18.85,7.89,48,2010.1,1975.1,255.437186662188,258.356744306645,263.2,41.7,46,2017.4,1971.1,30.8554176373997,0,0,45712.569,31,2009.4,0,0,17622,28,1975.3,0,0,189634,30,2009.4,0,0,12902,29.5,2009.4,3079.3893655352,47,36,363056.24821,27,172639.806,29,86680045.693,25,24314032.89,24,837.314041063219,43,1.39699352031271,36,0.483601309261105,36,14000,26,739362.4004,23,1.03505291360978,29,"0.35","36",51.3922542568195,17,0,27.5,0,1,1,1,0,27.5,3259765.799,21278515.592,0.878953383598569,41,4.56117653385264,19,105.742333333333,22,17.4256923076923,29,16.4793907590076,45,17.4256923076923,29,16.4793907590076,45,1995.807,23,2318.31266666667,23,"South Carolina",16111,70236671.716,"0.78","33",17233918.99,25,71432328.7899796,0.811241776837974,4.28732440094195,16.1490192307692,16.1490192307692,99.4265,1990.799,2318.86408333333,16.2421680646198,16.2421680646198,118.449,114.29025,24,4132.15993,0,27.5,25,0,"N.A."
"SD","2018.1",2018,1,12612.123,26523.868,20468.899,448.072,52,2010.1,1971.3,3114,12062,13496,1911,52,1978.4,1971.2,2496,5708,6941,693,52,2009.1,2017.3,40007,95543,96927,14156,53,2010.1,1971.3,37369,81793,80547,12003,53,2010.1,1971.3,248,923,1370,105,53,1975.2,2000.3,0.144761606022585,0.335339943342776,0.0881535038932147,53,1975.2,2000.3,14.3295374912404,15.81,9.75,32,2012.4,2001.1,342.846367291466,330.048183695469,342.8,39.5,24,2018.1,1971.3,41.4044282211054,0,0,1138.546,31,1981.1,0,0,1911,28,1980.4,0,0,8848,30,1976.1,0,0,455,29.5,1977.1,4646.78836720392,30,11,36414.16775,52,26523.868,52,17020192.936,49,4759008.477,50,797.132572228666,48,0.709645699586763,51,0.267113332844061,48,15000,22,113082.6587,50,0.890325267670582,34,"0.88","9",51.1611618788029,18,0,27.5,0,1,1,1,0,27.5,626468.348,4281924.164,0.769794545074264,44,3.80833584365979,37,17.362,48,3.12561538461538,53,18.0026228810931,43,3.12561538461538,53,18.0026228810931,43,415.901,48,455.894666666667,47,"South Dakota",693,12643359.521,"1.72","6",3165072.203,50,12701274.7819531,0.451114305701464,3.35337798118377,1.91807692307692,1.91807692307692,15.31925,410.611,456.886833333333,12.5206973127074,12.5206973127074,27.858,27.72225,46,656.98786,0,27.5,50,0,"N.A."
"TN","2018.1",2018,1,60047.333,210958.646,313554.548,7536.072,25,2009.2,1972.4,34181,140582,277794,26885,27,1982.1,1973.2,18833,63487,121148,13492,24,1975.1,2017.4,222074,899780,1476423,139261,30,2009.1,2016.4,255418,900164,1408685,170977,25,2009.1,1972.4,4935,19431,46979,4037,26,2009.3,1973.4,0.285619790977643,0.536641182380085,0.195816760389521,38,2010.1,1984.3,14.1787137524218,19,8.77,33,2010.1,1990.4,237.299087964438,237.063905094176,241.9,41.4,48,2016.4,1971.1,25.7317307951259,0,0,63500.428,31,2010.3,0,0,27847,28,1980.3,0,0,289284,30,2010.3,0,0,40924,29.5,1976.2,3322.86367287791,43,47,291844.04061,28,210958.646,27,137578199.652,18,23790642.447,26,921.290164978254,26,1.14899997177029,40,0.23665513701114,51,8000,47,1074411.574,15,0.920591599575218,33,"0.42","30",61.1159539201821,13,0,27.5,0,1,1,1,0,27.5,2697252.471,33437550.144,0.60200482674097,51,3.61329749974243,38,116.319333333333,20,17.2243846153846,30,14.8078433066885,46,17.2243846153846,30,14.8078433066885,46,2875.73,16,3219.20166666667,17,"Tennessee",15563,115507518.008,"0.9","29",28118336.105,17,116708817.94878,0.607211334132056,3.48108051493962,17.4588461538462,17.4588461538462,111.7745,2871.77125,3210.7915,15.6197040951614,15.6197040951614,124.32,123.72425,23,6061.58587,0,27.5,15,0,"N.A."
"TX","2018.1",2018,1,557357.411,2389234.84,1099829.121,15272.665,6,2009.3,1973.4,175732,843938,342271,59052,4,2009.1,1973.3,89045,415117,196709,24909,5,2009.2,1973.2,1633565,7275504,3784483,307115,5,2009.3,1973.2,1448665,6252624,3487249,306120,5,2009.3,1973.4,42751,177142,126250,9367,2,2009.3,1973.4,0.401823770259388,0.671707019875174,0.297119713800779,11,2002.1,1982.2,15.0623173707654,19.23,10.72,25,2010.2,1975.1,400.818113137647,398.267265290096,408,40.9,11,2016.2,1971.3,37.6814374745583,0,0,216637.047,31,2010.3,0,0,53396,28,2009.3,0,0,774814,30,2010.4,0,0,34015,29.5,2010.4,5755.56973094332,16,23,2654659.97136,4,2389234.84,2,645945361.697,2,108716983.249,2,1056.93225094981,13,2.55552513045431,14,0.506839150570821,32,9000,42,695414.497,24,0.125438968567016,52,"N.A.","N.A.",3.49273910805687,51,0,27.5,0,1,1,1,0,27.5,12497999.699,156905617.488,1.07690604224608,35,4.13715473511664,30,569.123333333333,2,127.517230769231,5,22.4059045378385,37,127.517230769231,5,22.4059045378385,37,11782.387,2,13756.3946666667,2,"Texas",131062,548160067.128,"N.A.","N.A.",132614103.65,2,554384737.808549,1.20095384571242,4.10666041818248,142.142365384615,142.142365384615,558.83625,11752.90675,13608.3949166667,25.4354232361654,25.4354232361654,546.233,538.40275,2,4690.28542,0,27.5,22,0,"N.A."
"US","2018.1",2018,1,8781838.615,29301947.087,21880362.971,860035.039,NA,2009.2,1973.3,3147922,12364279,8543495,2675552,NA,2009.1,1973.2,1691970,5554737,4764523,1074462,NA,2009.1,1973.2,28074528,98953465,80012897,14569446,NA,2009.2,1973.3,25061772,85502672,72291665,15351045,NA,2009.2,1973.3,525082,2085612,2324624,332910,NA,2009.3,1973.4,0.361426127721533,0.557731546858368,0.258040566520135,NA,2010.1,1979.2,15.392748927627,20.12,12.42,NA,2010.1,1975.1,359.884674485525,352.613890901771,359.9,52.6,NA,2018.1,1971.3,33.8551666466719,3145.071,4797.221,3696077.474,NA,2010.4,3,9,1212928,NA,1975.3,13484,20907,12656140,NA,2010.4,848,888,836757,NA,1975.4,5275.12771297723,NA,NA,38438582.89388,NA,29301958.1224615,NA,7660008158.457,NA,1634932533.933,NA,1041.53642066457,NA,2.22327689281212,NA,0.585760279908619,NA,13781.7880897493,NA,53785433.33,NA,0.856030800617804,NA,"N.A.","N.A.",22.0266925658969,NA,78548.45553,NA,0,1,1,1,0.55392280456172,NA,234185072.166,1857028092.916,1.54659480826746,NA,4.33697179964354,NA,6983.66666666667,NA,2179.47753846154,NA,31.208212569255,NA,2180.53,NA,31.223282898191,NA,141803.975,NA,161026.333333333,NA,"United States",1298400,6205452723.027,"N.A.","N.A.",1503879508.207,NA,6283118935.81196,1.35484764759961,4.22065522211997,1922.94973076923,1922.54213461538,6784.83333333333,141433.2195,160737.166666667,28.3418860316279,28.3358785715501,8285.824,8303.20375,NA,301318.557,0.00126579734043456,NA,NA,0,"N.A."
"UT","2018.1",2018,1,49934.253,150292.686,139427.654,3255.908,29,2009.2,1973.3,15349,60169,48321,10043,40,2009.1,1971.2,9790,30830,32959,4234,37,2009.1,2006.3,142334,467319,499265,74763,39,2009.2,1973.3,126665,386308,441661,60361,39,2009.2,1973.3,2464,8739,15073,1303,40,2009.3,1973.3,0.261294662879354,0.556908244137593,0.204572603272495,45,2010.1,1978.3,12.5302627311061,17.23,10.74,42,2010.1,1996.3,401.105893028352,395.930153435254,401.1,44.1,10,2018.1,1971.2,45.1266008718933,0,0,8308.537,31,1983.2,0,0,8136,28,1983.1,0,0,70305,30,1983.2,0,0,5304,29.5,1983.2,4874.88439831333,25,4,190271.12445,37,150292.686,35,63075560.054,31,30060448.632,19,877.37641609487,33,0.615009523853869,53,0.35528406261732,43,33100,8,1065237.478,16,2.00460280765517,11,"0.99","8",85.0530393475036,5,0,27.5,0,1,1,1,0,27.5,6024707.256,15761253.8,0.802091182801322,43,3.26232585183784,46,51.5806666666667,35,11.2276923076923,39,21.7672493072837,38,11.2276923076923,39,21.7672493072837,38,1397.551,31,1581.101,31,"Utah",5757,52035720.555,"1.75","5",12967938.221,33,53139578.2711705,0.659074759542323,3.17434619327208,9.21423076923077,9.21423076923077,49.867,1382.52125,1571.22308333333,18.4776119863452,18.4776119863452,83.622,81.31425,30,5996.83324,0,27.5,18,0,"N.A."
"VA","2018.1",2018,1,86358.755,326586.917,320673.768,2737.536,22,2009.2,1972.4,39840,159974,189329,17540,21,1991.1,1973.2,19147,67697,96342,5286,23,1975.1,1973.3,338465,1318939,1192693,48357,22,2009.2,1972.4,284965,1076566,1032155,52602,22,2009.2,1972.4,7075,28489,35738,1301,20,2009.3,1972.4,0.38407301553063,0.533546733322281,0.143039184453648,14,2010.1,1990.3,15.9027135619008,17,7.5,18,2010.1,1990.1,309.025183015011,309.352148962655,313.8,45.6,36,2002.2,1971.3,29.608460977838,0,0,33385.299,31,2009.4,0,0,14806,28,1975.3,2,3,140013,5,2009.4,0,0,10906,29.5,1975.4,4824.24504778646,27,38,487606.94906,23,326586.917153846,19,198157519,13,29230818.894,22,1044.80995886347,14,1.6169104147028,29,0.285342516904659,47,8000,47,1116572.668,13,0.666508301703339,39,"0.51","25",41.0269711324658,25,0,27.5,0,1,1,1,0,27.5,3232230.168,48392159.402,0.72360314064693,45,3.42867954257718,42,148.057,14,26.5670769230769,22,17.9438168563978,44,26.5676153846154,22,17.9441805416937,44,3659.405,12,4318.193,12,"Virginia",16760,165638181.133,"0.92","26",40408605.98,13,167525695.500937,0.699949452146806,3.57197713593747,25.9882884615385,25.9879615384615,154.254833333333,3647.28675,4317.71891666667,16.8476331664628,16.8474212294558,220.854,219.73675,13,6358.19792,0,27.5,13,0,"N.A."
"VI","2018.1",2018,1,11739.026,23648.271,11739.026,277.299,53,2018.1,1988.1,543,6736,4084,353,53,1995.4,2000.1,1413,5086,3838,107,53,1995.4,1978.1,43581,90576,43581,3315,52,2018.1,1988.1,40759,81487,40759,2660,52,2018.1,1988.1,685,1118,1170,51,50,1994.2,1978.1,0.839339339339339,0.839339339339339,0.205211726384365,1,2018.1,1991.1,16.0218246165946,41.34,10.94,17,1978.1,1991.1,298.504359786163,300.253276242377,377.5,62.6,37,2013.1,1978.4,39.9395969096656,0,0,264.663,31,1982.3,0,0,426,28,1982.3,0,0,2958,30,1982.3,0,0,104,29.5,1980.4,4649.67970900511,29,16,NA,53,23648.271,53,1460436.451,53,562941.271,53,751.768418999026,51,1.56027821239633,32,0.923306680991094,10,23500,15,1205.01302,53,0.126039942271323,51,"N.A.","N.A.",0.611467799908078,52,78548.45553,1,0,1,1,1,2131.63058780428,1,105263.222,355804.437,8.89580632979863,1,NA,53,NA,53,3.36038461538462,52,NA,53,3.36038461538462,52,NA,53,36.849,53,NA,53,"Virgin Islands",262,951303.633,"N.A.","N.A.",222547.457,53,956056.467723542,4.65621650411162,NA,1.74803846153846,1.74803846153846,NA,37.359,NA,NA,NA,3.707,3.6495,51,0,8.25692794657918,1,53,0,"N.A."
"VT","2018.1",2018,1,25481.161,66329.355,60013.475,2018.49,47,2009.1,1973.3,8127,31606,21291,4417,48,1982.4,1988.3,5421,14931,14565,2057,47,2009.1,1988.3,73704,221325,217025,34188,49,2009.1,1988.3,72677,200533,198291,29653,49,2009.1,1988.3,553,2318,4369,400,52,2009.3,1989.1,0.149374919448383,0.37397192150262,0.124093233440362,52,1976.1,1987.4,13.4306476458375,19.17,11.38,36,2010.1,1989.4,371.766903390496,356.63929317832,371.8,53.5,18,2018.1,1971.1,41.0491554980625,0,0,2478.51,31,1991.2,0,0,3054,28,1975.3,0,0,29626,30,1975.3,0,0,2000,29.5,1975.4,4442.39200321479,32,13,139727.91598,43,66329.355,49,13645333.09,51,3706141.027,52,868.810305233084,37,3.65286811844789,3,1.43500204465391,1,17300,20,380926.702,41,4.03896212407323,2,"1.26","2",68.9154963741167,7,0,27.5,0,1,1,1,0,27.5,530884.52,3368785.772,1.89599549924872,18,3.12388987992941,49,10.8456666666667,52,5.68515384615385,49,52.4186665594907,7,5.68515384615385,49,52.4186665594907,7,302.738,51,347.184666666667,51,"Vermont",2507,9434163.84,"2.02","3",2336775.688,51,9431301.66360266,1.41430186288626,2.899536017566,4.27221153846154,4.27221153846154,10.0245833333333,302.034,345.640083333333,42.6173477380927,42.6173477380927,22.796,22.742,48,2158.34186,0,27.5,41,0,"N.A."
"WA","2018.1",2018,1,283383.942,1046311.16,658119.692,28236.173,11,2009.2,1972.3,85090,321481,211746,68545,11,2008.4,2017.3,42286,144585,111654,26788,12,2009.1,1979.2,702503,2479004,1883298,384963,11,2009.2,1973.3,618711,2136961,1732957,353807,11,2009.2,1979.3,10374,40592,48148,5488,11,2009.3,1979.3,0.271193687825279,0.505705191767872,0.191716200355885,41,2010.2,1980.1,14.779963343362,21.72,12.41,29,1971.1,1979.4,476.815078625927,505.434153146091,599,57.8,3,2017.3,1972.3,43.1846569475687,0,1.65,104997.53,31,2010.4,0,0,31580,28,1993.4,0,0,262331,30,2010.4,0,1,17863,29.5,1983.1,7236.65082823253,4,8,1109757.73742,10,1046311.16,8,194542041.414,14,87278335.333,5,1170.40214944801,7,1.12526919338328,44,0.634383370741852,25,45000,1,4292348.809,1,2.6926461155345,6,"0.71","17",49.2283631075865,20,0,27.5,0,1,1,1,0,27.5,17893110.735,51142148.861,1.73182896998525,21,5.21562259089737,6,195.861666666667,12,55.1196153846154,11,28.1421149542357,25,55.1196153846154,11,28.1421149542357,25,3275.157,14,3755.28833333333,13,"Washington",30487,154814307.136,"1.25","14",41066192.936,12,159410060.766487,1.51013775753773,4.74064830461271,48.6496153846154,48.6496153846154,177.475833333333,3196.50225,3743.101,27.4119661651298,27.4119661651298,253.544,243.82975,7,24225.05482,0,27.5,1,0,"N.A."
"WI","2018.1",2018,1,161304.614,414717.143,577203.085,13880.929,13,2009.1,1973.3,93844,299829,304168,39727,8,2009.1,1973.2,43450,111525,156184,15946,10,2009.1,1973.2,640018,1766493,2318143,284655,12,2009.1,1973.3,531106,1426721,2191288,221033,13,2009.1,1973.3,4465,18767,51683,3847,28,2009.3,1973.3,0.156854387108637,0.398372970858168,0.156854387108637,51,2010.1,2018.1,12.7928356870657,18.36,10.91,41,2010.2,2001.1,327.917701404537,318.409981747022,327.9,57,31,2018.1,1971.3,35.4555984485698,0,0,61875.539,31,2010.4,0,0,41895,28,1982.4,1,1,285588,6,1983.2,0,0,29044,29.5,1983.2,3718.60249271464,38,29,694349.70695,15,414717.143076923,16,131460220.785,21,32214803.008,17,898.052763681009,30,2.10783963146189,19,0.664609111387878,22,14000,26,1406109.766,10,1.36569513138846,21,"0.45","27",40.686326757416,26,0,27.5,0,1,1,1,0,27.5,4029262.385,32145568.677,1.78303592666201,19,3.20991945557999,47,101.336333333333,23,49.3696153846154,12,48.7185728560163,9,49.3696923076923,12,48.7186487647002,9,2833.769,18,3156.97433333333,19,"Wisconsin",18704,102170790.825,"0.78","33",25079341.101,21,102959272.071978,1.21393941453017,3.10519962804441,34.0745192307692,34.0745,98.1696666666667,2815.06975,3160.995,34.7098247226087,34.7098051332896,143.567,141.8095,18,8081.30757,0,27.5,11,0,"N.A."
"WV","2018.1",2018,1,48113.813,143766.368,98566.196,3940.463,33,1983.1,1971.3,17500,58125,70342,11385,36,1977.1,2017.3,13129,35221,53519,6431,32,1977.1,2017.3,187067,595289,785624,79193,31,1983.1,1973.3,169233,520069,723321,106340,32,1983.1,1973.3,2347,9822,14289,1743,41,1983.2,1971.2,0.268075002046999,0.421078650251961,0.12315307485214,42,1983.3,1979.1,14.7658783112348,21.66,9.25,30,1983.4,1971.1,293.036378133571,285.075042046469,317.4,36.1,39,2016.2,1971.1,35.470171558821,0,0,18296.437,31,1983.2,0,0,13371,28,1983.2,0,0,125672,30,1983.2,0,0,8938,29.5,1983.3,4081.83663155504,35,28,200434.70751,35,143766.368,38,27564143.808,42,6592544.894,45,803.703589574476,47,2.86929953517887,9,0.928944489610246,9,12000,33,61184.3689,51,0.297290082231861,49,"0.1","48",5.10698320486193,50,0,27.5,0,1,1,1,0,27.5,887430.965,6796004.468,2.20425773697211,14,6.07323079131429,3,47.3866666666667,38,14.4925384615385,31,30.5835786329596,24,14.4925384615385,31,30.5835786329596,24,650.797,40,780.254666666667,40,"West Virginia",6431,20362880.895,"0.25","46",5129338.698,42,20580696.2817823,1.73573758325543,5.22646578374375,11.5350576923077,11.5350576923077,40.81875,659.54625,781.0385,28.2592134553549,28.2592134553549,35.849,35.78475,41,414.46264,0,27.5,51,0,"N.A."
"WY","2018.1",2018,1,18805.446,56561.21,47894.729,281.671,49,2009.2,1974.3,5799,22531,19704,1135,51,1983.1,1974.3,3582,10411,10956,440,51,1983.1,1974.3,53508,168993,214406,6435,51,1983.1,1974.3,51118,153914,180987,5338,50,1983.1,1974.3,912,3566,5042,137,49,1983.2,1974.4,0.289401071254666,0.57244061140415,0.171368124118477,37,2010.1,1979.4,14.7837863797906,19.65,9.4,28,1987.3,1972.4,375.144574973882,375.863183392474,423.1,47.5,17,2016.2,1971.3,43.2591480434968,0,0,5173.621,31,1983.2,0,0,4378,28,1983.2,0,0,35445,30,1983.2,0,0,2920,29.5,1983.2,5432.8316204015,20,7,65603.06097,50,56561.21,50,11822302.019,52,4623887.877,51,868.864044697658,36,1.45246329034202,35,0.749247135207366,15,25400,13,296737.9973,45,3.28183782596613,4,"1.12","4",62.9557954576997,12,0,27.5,0,1,1,1,0,27.5,882570.086,2980120.454,1.61938222692597,22,4.34579828626186,26,12.517,51,4.28092307692308,51,34.2008714302395,21,4.28092307692308,51,34.2008714302395,21,267.992,52,288.025333333333,52,"Wyoming",1498,8963701.14,"2.17","2",2307920.603,52,9041823.91196142,1.24238181060317,3.9813396584889,3.33998076923077,3.33998076923077,11.62175,261.66575,292.055333333333,28.7390519433886,28.7390519433886,22.629,22.6785,49,1681.34364,0,27.5,46,0,"N.A."
